City,Cloudiness,Country,Date,Humidity,Latitude,Longitude,Max Temp,Wind Speed
Souillac,0,FR,1561566444,34,45.6,-0.6,102.0,10.29
Dikson,100,RU,1561566371,97,73.51,80.55,33.7,18.66
Kodiak,1,US,1561566391,57,39.95,-94.76,78.8,10.29
Punta Arenas,40,CL,1561566346,67,-53.16,-70.91,32.0,9.17
Whitehorse,75,CA,1561566456,76,60.72,-135.06,59.0,3.36
Barrow,62,AR,1561566384,27,-38.31,-60.23,53.68,27.51
Lata,34,IN,1561566378,81,30.78,78.62,43.78,2.1
Dingle,94,PH,1561566456,86,11.0,122.67,75.82,4.76
Ziyang,66,CN,1561566457,96,30.12,104.65,70.42,5.21
Rikitea,74,PF,1561566457,79,-23.12,-134.97,73.3,9.91
Bellevue,40,US,1561566459,59,47.61,-122.19,63.0,3.36
Toora-Khem,100,RU,1561566459,97,52.47,96.11,47.02,4.97
Kavaratti,100,IN,1561566460,74,10.57,72.64,84.28,13.2
Hilo,90,US,1561566396,83,19.71,-155.08,71.6,9.17
Hermanus,0,ZA,1561566460,89,-34.42,19.24,57.0,10.74
Maceio,75,BR,1561566460,74,-9.67,-35.74,78.8,16.11
Folkestone,1,US,1561566460,45,34.1,-80.94,88.0,5.82
Mahebourg,75,MU,1561566460,88,-20.41,57.7,75.2,17.22
Ahipara,57,NZ,1561566460,72,-35.17,173.16,56.2,13.44
Birjand,0,IR,1561566461,9,32.86,59.22,84.2,9.17
Arraial do Cabo,0,BR,1561566392,38,-22.97,-42.02,91.4,11.41
Cayenne,16,GF,1561566461,70,4.94,-52.33,84.2,12.75
Coihaique,75,CL,1561566461,100,-45.58,-72.07,44.6,3.85
Eureka,90,US,1561566462,82,40.8,-124.16,62.01,8.05
Katsuura,75,JP,1561566452,94,33.93,134.5,73.99,18.34
Soskovo,94,RU,1561566462,71,52.75,35.39,74.02,7.76
Nantucket,90,US,1561566462,83,41.28,-70.1,77.0,12.75
Puerto Ayora,20,EC,1561566462,61,-0.74,-90.35,80.6,3.36
Kuching,75,MY,1561566462,88,1.56,110.34,78.8,2.24
Bredasdorp,0,ZA,1561566463,87,-34.53,20.04,57.2,4.7
Kargasok,100,RU,1561566463,91,59.06,80.87,66.64,11.01
Hobart,0,AU,1561566347,93,-42.88,147.33,43.0,6.93
Kilindoni,0,TZ,1561566463,77,-7.91,39.67,79.6,22.57
Zhangjiakou,100,CN,1561566463,63,40.77,114.88,66.64,4.76
Mataura,84,NZ,1561566342,85,-46.19,168.86,50.0,5.01
Tessalit,12,ML,1561566463,5,20.2,1.01,113.62,13.76
Alofi,95,NU,1561566463,94,-19.06,-169.92,68.0,3.36
Le Port,0,FR,1561566464,21,42.87,1.37,91.99,1.99
Itoman,40,JP,1561566464,94,26.12,127.67,78.8,3.36
Port Alfred,33,ZA,1561566381,92,-33.59,26.89,61.0,1.01
Padang,5,ID,1561566434,70,-0.92,100.36,83.74,1.66
Rawson,2,AR,1561566465,46,-43.3,-65.11,50.08,29.73
Ushuaia,75,AR,1561566465,84,-54.81,-68.31,32.0,9.17
Kaeo,0,NZ,1561566397,95,-35.1,173.78,45.0,5.01
Mayumba,65,GA,1561566465,79,-3.44,10.65,74.74,9.48
Nikolskoye,75,RU,1561566365,59,59.7,30.79,66.0,6.71
Buin,75,CL,1561566465,57,-33.73,-70.74,48.2,2.71
Aklavik,40,CA,1561566465,65,68.22,-135.01,46.4,11.21
Kaitangata,82,NZ,1561566372,73,-46.28,169.85,46.99,1.99
Kununurra,99,AU,1561566412,62,-15.77,128.74,51.8,11.79
İskenderun,0,TR,1561566466,62,36.58,36.17,86.0,26.4
Ketchikan,1,US,1561566221,72,55.34,-131.65,64.4,6.93
Tiarei,40,PF,1561566466,78,-17.53,-149.33,77.0,8.05
Cancun,40,MX,1561566338,62,21.17,-86.85,87.8,16.11
Atuona,0,PF,1561566466,71,-9.8,-139.03,80.5,21.65
Iquique,20,CL,1561566334,67,-20.22,-70.14,62.6,12.75
Buala,84,SB,1561566466,82,-8.15,159.59,79.6,4.99
Jamestown,0,AU,1561566357,63,-33.21,138.6,51.16,9.89
Nanortalik,100,GL,1561566467,99,60.14,-45.24,42.16,11.97
Ribeira Grande,40,PT,1561566467,49,38.52,-28.7,71.6,14.99
Okahandja,0,NA,1561566467,17,-21.98,16.91,72.0,3.36
Castro,75,CL,1561566468,87,-42.48,-73.76,46.4,11.41
Udachnyy,75,RU,1561566468,37,66.42,112.4,71.6,6.71
Sitka,95,US,1561566468,65,37.17,-99.65,79.0,8.01
Qaanaaq,86,GL,1561566348,74,77.48,-69.36,35.32,1.54
Tema,67,GH,1561566468,79,5.66,-0.01,80.14,12.77
Albany,40,US,1561566412,51,42.65,-73.75,82.99,3.36
Esperance,90,AU,1561566459,82,-33.86,121.89,59.0,11.41
Bethel,90,US,1561566469,87,60.79,-161.76,62.6,11.41
Kavieng,89,PG,1561566422,77,-2.57,150.8,84.1,9.44
Saskylakh,100,RU,1561566470,58,71.97,114.09,68.62,15.88
Cherskiy,0,RU,1561566470,42,68.75,161.3,50.62,10.11
Cape Town,0,ZA,1561566244,82,-33.93,18.42,59.0,6.93
Nouadhibou,0,MR,1561566470,57,20.93,-17.03,80.6,19.46
Yulara,0,AU,1561566470,45,-25.24,130.99,42.8,4.7
Moron,100,HT,1561566470,70,18.56,-74.26,82.48,3.58
Tiksi,0,RU,1561566409,59,71.64,128.87,58.54,7.65
Ariquemes,0,BR,1561566471,43,-9.91,-63.03,91.66,2.24
Saint-Pierre,0,FR,1561566471,32,48.95,4.24,98.6,9.17
Aguadilla,40,PR,1561566430,74,18.43,-67.15,88.0,14.99
Vila Velha,20,BR,1561566363,62,-3.71,-38.6,86.0,23.04
Maniitsoq,100,GL,1561566472,73,65.42,-52.9,49.36,8.68
Sao Filipe,0,CV,1561566472,84,14.9,-24.5,75.28,23.8
Praia da Vitoria,40,PT,1561566403,68,38.73,-27.07,69.8,13.96
Tuktoyaktuk,75,CA,1561566472,91,69.44,-133.03,37.4,20.8
Avarua,50,CK,1561566388,94,-21.21,-159.78,69.8,1.12
Kapaa,90,US,1561566472,88,22.08,-159.32,77.0,14.99
Izumo,75,JP,1561566473,83,35.37,132.75,73.4,5.82
Pisco,40,PE,1561566460,30,-13.71,-76.2,71.6,8.05
Tabou,100,CI,1561566473,90,4.42,-7.36,76.0,6.26
Clyde River,20,CA,1561566473,86,70.47,-68.59,39.2,16.11
Kosh-Agach,96,RU,1561566473,47,49.99,88.66,49.54,5.37
Jacareacanga,67,BR,1561566474,43,-6.22,-57.76,89.86,4.14
Avera,1,US,1561566366,58,33.19,-82.53,87.8,4.7
Kruisfontein,92,ZA,1561566474,87,-34.0,24.73,59.26,9.1
Port Elizabeth,1,US,1561566474,45,39.31,-74.98,88.0,8.05
Manokwari,100,ID,1561566474,81,-0.87,134.08,74.38,4.9
Grand Haven,40,US,1561566474,53,43.06,-86.23,81.0,8.05
Pevek,10,RU,1561566392,78,69.7,170.27,35.68,10.74
Eluru,20,IN,1561566475,83,16.71,81.12,84.2,10.18
Blagoyevo,95,RU,1561566475,41,63.37,47.92,61.24,2.53
Yellowknife,20,CA,1561566475,48,62.45,-114.38,62.6,6.93
Bayan,86,CN,1561566475,89,36.1,102.26,48.28,4.34
Khatanga,100,RU,1561566475,48,71.98,102.47,52.6,8.95
Chuy,0,UY,1561566475,57,-33.69,-53.46,50.08,10.33
Belogorsk,100,RU,1561566476,98,50.92,128.47,56.74,3.51
Krasnorechenskiy,100,RU,1561566476,93,44.63,135.35,61.42,3.31
Hovd,75,NO,1561566383,66,63.83,10.7,53.6,17.22
Phan Thiet,100,VN,1561566255,91,10.93,108.1,76.36,8.84
Ixtapa,90,MX,1561566476,40,20.71,-105.21,89.6,7.52
Bluff,22,AU,1561566476,82,-23.58,149.07,59.08,18.92
Valparaiso,75,US,1561566290,54,41.47,-87.06,84.99,6.93
Luanda,0,AO,1561566476,78,-8.83,13.24,75.2,14.99
Lakes Entrance,0,AU,1561566477,95,-37.88,147.99,33.01,5.97
Lewistown,1,US,1561566477,65,40.39,-90.15,82.99,3.36
Kalmunai,100,LK,1561566477,65,7.42,81.82,82.84,4.92
Naberera,97,TZ,1561566477,67,-4.2,36.93,66.82,10.6
Hamilton,75,CA,1561566391,61,43.26,-79.87,82.99,13.87
Solnechnyy,0,RU,1561566478,96,50.72,136.64,43.06,3.53
Mamlyutka,100,KZ,1561566478,79,54.94,68.54,52.6,8.97
Vardo,1,US,1561566345,48,39.62,-77.74,86.0,9.17
Harlingen,90,NL,1561566422,77,53.18,5.41,71.01,16.11
Ulladulla,90,AU,1561566478,100,-35.36,150.48,50.0,8.05
Atar,0,MR,1561566478,17,20.52,-13.05,109.4,18.34
Klishkivtsi,0,UA,1561566333,48,48.43,26.26,82.99,8.95
Ponta do Sol,1,BR,1561566431,40,-20.63,-46.0,78.16,9.66
Camacha,40,PT,1561566479,60,33.08,-16.33,73.4,12.75
San Cristobal,60,HN,1561566387,66,14.68,-86.92,76.72,8.77
Kichmengskiy Gorodok,86,RU,1561566479,51,59.99,45.81,58.72,4.25
Nanding,100,CN,1561566479,96,24.87,105.42,70.24,1.14
Chokurdakh,32,RU,1561566479,34,70.62,147.9,59.8,13.09
Provideniya,100,RU,1561566383,94,64.42,-173.23,44.14,11.41
Tasiilaq,90,GL,1561566479,70,65.61,-37.64,46.4,6.93
Kahului,75,US,1561566370,94,20.89,-156.47,73.99,2.17
Lebu,20,ET,1561566480,43,8.96,38.73,71.6,9.17
Vigia del Fuerte,92,CO,1561566480,82,6.58,-76.89,78.52,3.47
Hithadhoo,31,MV,1561566480,70,-0.6,73.08,84.82,7.09
Saint Lawrence,0,MT,1561566480,38,36.06,14.2,87.8,3.36
Ust-Maya,17,RU,1561566480,71,60.42,134.54,53.68,3.29
Vaini,75,IN,1561566381,88,15.34,74.49,73.4,13.87
Kasongo-Lunda,0,CD,1561566382,18,-6.48,16.82,90.22,1.68
Kleive,75,NO,1561566481,66,62.8,7.64,55.4,10.29
Vila Franca do Campo,20,PT,1561566478,60,37.72,-25.43,69.8,16.11
Vilhena,75,BR,1561566481,48,-12.74,-60.15,86.0,10.29
Saint-Philippe,90,CA,1561566411,61,45.36,-73.48,81.0,6.93
Ambilobe,13,MG,1561566481,84,-13.19,49.05,74.2,6.76
Butaritari,90,KI,1561566481,77,3.07,172.79,83.38,12.1
Fairbanks,1,US,1561566455,51,64.84,-147.72,60.01,3.36
Lima,90,PE,1561566249,77,-12.06,-77.04,64.4,2.24
Bathsheba,40,BB,1561566482,62,13.22,-59.52,87.8,17.22
Minsk,20,BY,1561566221,53,53.9,27.56,77.0,4.47
Cidreira,100,BR,1561566482,56,-30.17,-50.22,53.14,10.4
Busselton,29,AU,1561566355,50,-33.64,115.35,57.0,34.78
Stokmarknes,75,NO,1561566482,87,68.56,14.91,50.0,10.29
Bambous Virieux,75,MU,1561566483,88,-20.34,57.76,75.2,17.22
Lorengau,60,PG,1561566483,84,-2.02,147.27,79.42,4.7
Leningradskiy,52,RU,1561566483,90,69.38,178.42,34.24,10.27
Geraldton,75,CA,1561566363,64,49.72,-86.95,69.8,10.29
Torbay,20,CA,1561566483,67,47.66,-52.73,62.01,5.82
Mount Gambier,66,AU,1561566483,76,-37.83,140.78,51.8,12.75
La Ronge,90,CA,1561566484,82,55.1,-105.3,55.4,6.93
Ciudad Real,0,ES,1561566484,23,38.99,-3.93,97.0,4.7
Fortuna,20,US,1561566484,77,40.6,-124.16,62.01,3.36
Faanui,33,PF,1561566484,78,-16.48,-151.75,79.78,8.81
Japura,37,ID,1561566484,88,-0.42,102.29,76.72,2.33
Giddarbaha,0,IN,1561566485,16,30.21,74.66,103.18,1.01
Fort Nelson,75,CA,1561566485,77,58.81,-122.69,59.0,10.29
Liverpool,75,GB,1561566244,68,53.41,-2.98,70.0,11.41
Svetlaya,100,RU,1561566485,99,46.54,138.33,45.76,2.44
Pangai,53,TO,1561566485,81,-19.8,-174.35,75.46,16.84
Vostok,100,RU,1561566475,99,46.45,135.83,63.04,1.5
Guantanamo,90,BO,1561566486,76,-16.14,-62.05,53.6,6.93
Rome,0,IT,1561566254,34,41.89,12.48,95.0,14.99
Nieves,0,MX,1561566486,58,24.0,-103.02,68.26,3.69
Marrakesh,75,MA,1561566486,42,31.63,-7.99,84.2,6.93
Yar-Sale,81,RU,1561566486,54,66.83,70.83,52.78,8.77
Caibarien,75,CU,1561566486,55,22.52,-79.47,89.6,12.75
Karratha,14,AU,1561566487,63,-20.74,116.85,67.0,3.09
Yatou,75,CM,1561566487,100,3.63,9.81,75.2,2.24
Gimli,0,CA,1561566487,40,50.63,-96.99,73.99,5.01
Pochutla,75,MX,1561566391,78,15.74,-96.47,86.0,11.41
Duku,5,ID,1561566487,70,-1.19,100.47,83.74,1.66
Salamiyah,0,SY,1561566488,19,35.01,37.05,100.48,22.03
Hasaki,0,JP,1561566488,94,35.73,140.83,70.0,6.93
Orebro,40,SE,1561566488,72,59.27,15.21,73.99,2.24
Berlevag,75,NO,1561566488,71,70.86,29.09,50.0,16.11
East London,0,ZA,1561566488,93,-33.02,27.91,59.0,6.93
Beringovskiy,100,RU,1561566420,97,63.05,179.32,42.88,10.85
Karaton,20,ID,1561566489,74,-6.34,106.1,78.8,6.93
Harda,34,IN,1561566489,47,22.34,77.09,94.0,8.1
Port Moresby,90,PG,1561566480,100,-9.47,147.16,75.2,8.05
Rio Gallegos,40,AR,1561566476,80,-51.62,-69.22,33.8,14.99
Palafrugell,0,ES,1561566324,21,41.92,3.16,97.0,8.05
Coquimbo,0,CL,1561566489,62,-29.95,-71.34,66.99,2.24
Cockburn Town,100,TC,1561566406,79,21.46,-71.14,81.22,12.46
Thompson,90,CA,1561566270,93,55.74,-97.86,53.6,6.93
Klaksvik,40,FO,1561566359,87,62.23,-6.59,53.6,9.17
Linxia,100,CN,1561566490,89,35.6,103.21,50.62,0.85
Saint George,20,GR,1561566423,40,39.45,22.34,87.8,12.75
Acapulco,5,MX,1561566490,55,16.86,-99.88,89.6,9.17
San Policarpo,100,PH,1561566491,88,12.18,125.51,79.24,6.51
Mar del Plata,100,AR,1561566389,59,-46.43,-67.52,44.14,22.7
İstisu,40,AZ,1561566491,33,40.95,48.07,91.4,5.82
Svetlogorsk,40,RU,1561566491,58,53.14,59.15,59.0,8.95
Puerto Escondido,75,MX,1561566491,66,15.86,-97.07,86.0,5.82
Zaysan,0,KZ,1561566491,41,47.47,84.87,58.0,5.73
Coos Bay,40,US,1561566479,93,43.37,-124.22,57.0,5.7
Narsaq,75,GL,1561566491,87,60.91,-46.05,51.8,5.82
Carnarvon,0,ZA,1561566381,19,-30.97,22.13,55.12,10.74
Bandarbeyla,13,SO,1561566412,43,9.49,50.81,88.78,23.96
Lasa,0,CY,1561566410,78,34.92,32.53,84.2,16.11
Ilulissat,75,GL,1561566492,87,69.22,-51.1,44.6,8.05
Gore,4,ET,1561566492,94,8.15,35.53,66.28,2.33
Peringat,75,MY,1561566492,94,5.99,102.3,75.2,5.82
Yigou,100,CN,1561566492,33,35.81,114.32,78.16,1.23
Grand Gaube,75,MU,1561566412,88,-20.01,57.66,75.2,17.22
Georgetown,40,GY,1561566388,74,6.8,-58.16,89.6,4.7
Arsk,0,RU,1561566493,38,56.09,49.88,60.8,8.95
Bara,99,NG,1561566493,52,10.41,10.6,88.96,8.59
Pontes e Lacerda,96,BR,1561566493,80,-15.23,-59.33,68.8,1.14
Constantine,20,DZ,1561566493,15,36.36,6.61,100.4,16.11
Cap Malheureux,75,MU,1561566493,88,-19.98,57.61,75.2,17.22
Airai,0,TL,1561566407,73,-8.93,125.41,66.64,5.97
Nelson Bay,75,AU,1561566494,100,-32.72,152.14,55.0,3.36
Margate,0,AU,1561566429,93,-43.03,147.26,43.0,6.93
Sobolevo,93,RU,1561566494,82,54.43,31.9,73.84,7.63
Grants,1,US,1561566494,13,35.15,-107.85,75.2,3.36
Port Macquarie,90,AU,1561566494,100,-31.43,152.91,55.99,9.17
Myitkyina,100,MM,1561566495,98,25.38,97.4,71.5,2.19
Upernavik,12,GL,1561566378,90,72.79,-56.15,34.06,10.54
Santa Vitoria do Palmar,0,BR,1561566313,59,-33.52,-53.37,50.08,9.33
Havre-Saint-Pierre,75,CA,1561566495,49,50.23,-63.6,68.0,6.93
Chumikan,0,RU,1561566495,87,54.72,135.31,43.42,7.99
Talnakh,75,RU,1561566495,52,69.49,88.39,50.0,8.95
Namatanai,89,PG,1561566495,85,-3.66,152.44,79.6,12.15
Port Lincoln,0,AU,1561566421,60,-34.72,135.86,60.16,27.16
Sinnamary,21,GF,1561566496,83,5.38,-52.96,79.78,13.96
Elizabethtown,20,US,1561566466,51,40.15,-76.6,86.0,4.5
Lumby,1,CA,1561566496,63,50.25,-118.97,62.6,3.36
Putina,0,PE,1561566496,13,-14.91,-69.87,53.6,1.12
Dunedin,0,NZ,1561566497,61,-45.87,170.5,48.99,4.0
Luwuk,94,ID,1561566497,98,-0.95,122.79,65.02,4.29
San Benito,0,CO,1561566497,62,6.13,-73.51,76.54,4.68
Kayes,0,ML,1561566497,28,14.44,-11.44,105.8,6.93
Tautira,40,PF,1561566498,78,-17.73,-149.15,77.0,8.05
Srandakan,100,ID,1561566498,82,-7.94,110.25,76.72,13.87
Kipini,1,KE,1561566498,79,-2.53,40.53,80.6,4.7
Kedrovyy,40,RU,1561566498,82,56.17,91.82,66.2,6.71
Severo-Kurilsk,100,RU,1561566498,96,50.68,156.12,41.08,7.23
Prabumulih,0,ID,1561566498,89,-3.5,104.19,74.56,2.57
Viedma,100,AR,1561566499,36,-40.81,-62.99,53.68,29.06
Constitucion,5,MX,1561566499,40,23.99,-104.67,75.0,4.7
Horsham,8,AU,1561566499,90,-36.71,142.2,46.12,11.72
Talcahuano,90,CL,1561566499,93,-36.72,-73.12,53.6,13.87
Alice Springs,0,AU,1561566402,41,-23.7,133.88,39.2,5.82
Niles,1,US,1561566499,57,41.83,-86.25,84.2,5.82
La Curva,85,PE,1561566500,72,-17.14,-71.82,59.98,7.02
Meulaboh,100,ID,1561566495,67,4.14,96.13,85.54,7.72
Oskarshamn,20,SE,1561566500,83,57.26,16.44,73.4,3.36
Tpig,56,RU,1561566500,95,41.78,47.59,59.8,3.8
Diapaga,0,BF,1561566500,31,12.07,1.79,99.76,4.72
Schwaz,0,AT,1561566500,26,47.34,11.71,96.01,11.41
Pierre,1,US,1561566501,65,44.37,-100.35,79.0,10.29
Sungaipenuh,46,ID,1561566501,95,-2.08,101.38,73.3,2.26
Port Hedland,52,AU,1561566300,87,-20.31,118.58,59.0,5.82
Burgeo,68,CA,1561566501,76,47.61,-57.61,50.08,5.21
Haines Junction,100,CA,1561566501,72,60.75,-137.51,56.02,3.36
Arlit,0,NE,1561566502,9,18.74,7.39,106.78,4.38
Deep River,40,CA,1561566502,69,46.1,-77.49,73.4,8.05
Katangli,78,RU,1561566502,92,51.71,143.23,41.8,13.89
Oum Hadjer,100,TD,1561566502,24,13.3,19.7,99.04,8.86
Fuling,0,CN,1561566502,95,29.71,107.39,72.22,5.95
Beidao,48,CN,1561566502,88,34.57,105.89,61.96,3.83
Sunrise Manor,1,US,1561566503,17,36.21,-115.07,87.01,12.75
Mangotsfield,40,GB,1561566503,77,51.49,-2.5,73.0,19.46
Farafangana,2,MG,1561566503,95,-22.82,47.83,65.2,5.17
Sept-Iles,90,CA,1561566310,71,50.2,-66.38,57.2,18.34
Joshimath,45,IN,1561566503,75,30.57,79.57,56.56,3.13
Solton,81,RU,1561566503,83,52.84,86.48,57.64,5.28
Maumee,6,US,1561566504,48,41.56,-83.65,86.0,11.41
Moen,0,BE,1561566504,73,50.77,3.4,82.99,12.75
Longyearbyen,75,NO,1561566355,70,78.22,15.63,44.6,9.17
Wilmington Island,1,US,1561566504,52,32.0,-80.97,91.99,4.27
Cabo San Lucas,5,MX,1561566435,42,22.89,-109.91,90.0,9.17
Zeya,0,RU,1561566504,75,53.74,127.27,50.44,4.25
San Vicente,20,SV,1561566505,59,13.64,-88.78,89.6,8.05
Cortez,1,US,1561566505,28,37.35,-108.58,73.99,12.39
Taltal,0,CL,1561566505,55,-25.41,-70.49,61.78,6.46
Aranos,4,NA,1561566506,12,-24.14,19.11,76.18,7.96
Bowen,38,AU,1561566506,88,-20.01,148.25,66.99,8.05
Culaman,100,PH,1561566506,98,5.96,125.66,68.26,3.0
Galle,100,GN,1561566506,79,10.08,-12.83,80.68,4.68
Taoudenni,0,ML,1561566506,3,22.68,-3.98,118.48,16.51
Quatre Cocos,75,MU,1561566507,88,-20.21,57.76,75.2,17.22
Saldanha,80,PT,1561566507,42,41.42,-6.55,78.52,10.38
Red Wing,1,US,1561566507,33,44.56,-92.53,81.0,6.17
Tazovskiy,54,RU,1561566359,61,67.47,78.7,44.14,5.64
Norman Wells,75,CA,1561566507,76,65.28,-126.83,48.2,14.99
Terney,100,RU,1561566508,99,45.05,136.61,49.36,4.79
New Norfolk,0,AU,1561566508,93,-42.78,147.06,43.0,2.24
Los Llanos de Aridane,40,ES,1561566508,64,28.66,-17.92,75.2,14.99
Rundu,26,NA,1561566508,16,-17.91,19.77,78.8,8.05
Katobu,22,ID,1561566508,83,-4.94,122.53,73.3,5.91
Nome,40,US,1561566508,74,30.04,-94.42,87.8,6.93
Kirakira,100,SB,1561566508,86,-10.46,161.92,78.34,3.27
Mahmudia,0,IQ,1561566509,11,36.87,42.19,100.4,10.29
Abu Dhabi,0,AE,1561566494,56,24.47,54.37,98.6,6.93
Iguape,91,BR,1561566509,90,-24.7,-47.56,67.18,7.43
Mehamn,75,NO,1561566509,87,71.03,27.85,48.2,11.41
Morondava,0,MG,1561566509,72,-20.3,44.28,77.44,16.64
Deputatskiy,0,RU,1561566440,51,69.3,139.9,59.26,3.11
Auki,22,NG,1561566436,33,12.18,6.51,92.92,3.51
Mitu,0,IR,1561566510,19,36.2,46.09,89.32,11.56
San Quintin,94,PH,1561566510,86,17.54,120.52,78.34,2.44
San Rafael,96,AR,1561566511,22,-34.61,-68.33,47.56,2.82
Nuuk,75,GL,1561566217,67,64.17,-51.74,62.6,4.7
Iqaluit,20,CA,1561566434,61,63.75,-68.52,50.0,8.05
Luderitz,51,NA,1561566511,59,-26.65,15.16,64.4,13.87
Mujiayingzi,100,CN,1561566511,54,42.12,118.78,68.8,12.28
Santa Vitoria,0,BR,1561566511,49,-7.82,-67.03,89.68,2.89
Belaya Gora,12,RU,1561566512,31,68.54,146.19,63.04,9.89
Kamaishi,100,JP,1561566512,75,39.28,141.86,56.56,3.67
Nara,75,JP,1561566512,88,34.68,135.8,77.0,2.24
Whitianga,0,NZ,1561566512,96,-36.83,175.7,39.99,2.24
Kuchinarai,100,TH,1561566512,83,16.54,104.05,80.86,4.9
Houma,91,CN,1561566513,38,35.63,111.36,79.42,5.53
Talaya,0,RU,1561566513,63,55.79,84.89,66.2,6.71
Severo-Yeniseyskiy,82,RU,1561566513,58,60.37,93.04,66.82,1.14
Chara,20,GR,1561566513,40,39.42,22.43,87.8,12.75
Payakumbuh,22,ID,1561566513,97,-0.23,100.63,68.26,3.33
Omboue,98,GA,1561566514,77,-1.57,9.26,75.64,13.06
Umm Lajj,0,SA,1561566514,74,25.02,37.27,85.36,3.89
Ojinaga,1,US,1561566514,42,29.56,-104.41,84.99,1.32
Lagoa,20,PT,1561566514,78,37.14,-8.45,75.99,11.41
Conceicao do Araguaia,0,BR,1561566451,32,-8.26,-49.26,92.2,5.23
Alyangula,33,AU,1561566515,93,-13.85,136.42,60.8,9.55
Raigarh,91,IN,1561566515,59,21.9,83.39,93.2,7.72
Bartica,75,GY,1561566515,62,6.41,-58.62,89.6,13.87
Victoria,75,BN,1561566396,88,5.28,115.24,82.4,2.24
Esil,100,KZ,1561566515,64,51.96,66.41,64.3,14.63
Kurilsk,100,RU,1561566515,93,45.23,147.88,46.84,7.83
Namibe,75,AO,1561566516,72,-15.19,12.15,68.0,9.17
Novomalorossiyskaya,0,RU,1561566516,45,45.63,39.89,84.46,12.01
Sioux Lookout,20,CA,1561566299,56,50.1,-91.92,69.8,13.87
Thinadhoo,80,MV,1561566516,73,0.53,72.93,83.74,5.66
Ostersund,0,SE,1561566516,58,63.18,14.64,57.99,20.8
Bima,1,ID,1561566516,97,-8.45,118.73,65.2,3.4
Ciudad Bolivar,7,VE,1561566517,60,8.12,-63.55,86.62,12.48
Lamu,86,CN,1561566517,89,35.77,102.37,48.28,4.34
Mitsamiouli,20,KM,1561566517,74,-11.38,43.28,78.8,20.8
Nan,100,TH,1561566517,96,18.78,100.78,72.4,1.48
Santo Tomas,75,PH,1561566517,83,7.53,125.62,78.8,3.36
Kirensk,88,RU,1561566518,47,57.78,108.12,65.38,8.12
Iwanai,100,JP,1561566518,93,42.97,140.51,55.12,4.38
Solenzo,33,BF,1561566518,28,12.18,-4.08,99.58,7.0
Bilma,12,NE,1561566518,12,18.69,12.92,104.98,8.19
Plettenberg Bay,100,ZA,1561566519,66,-34.05,23.37,60.16,6.06
Damghan,17,IR,1561566519,82,36.17,54.34,67.36,5.77
Cuamba,31,MZ,1561566519,48,-14.8,36.54,70.42,8.05
Kyshtovka,95,RU,1561566519,96,56.56,76.62,63.22,6.69
Luba,94,PH,1561566519,86,17.32,120.7,78.34,2.44
Kolosovka,68,RU,1561566520,82,56.47,73.61,54.76,14.67
Guerrero Negro,100,MX,1561566520,85,27.97,-114.04,61.96,6.6
Bemidji,1,US,1561566421,41,47.48,-94.89,78.8,12.75
Foundiougne,0,SN,1561566520,42,14.13,-16.47,98.6,9.17
Caluquembe,0,AO,1561566520,23,-13.78,14.68,76.9,8.84
Pushkinskiye Gory,99,RU,1561566520,64,57.02,28.91,71.68,7.7
Sanandaj,0,IR,1561566521,13,35.31,47.0,95.0,11.41
Banda Aceh,10,ID,1561566521,74,5.56,95.32,84.28,14.9
Faizabad,44,IN,1561566521,34,26.78,82.14,99.94,6.11
Launceston,90,AU,1561566521,100,-41.43,147.14,43.0,1.12
Egvekinot,100,RU,1561566521,82,66.32,-179.17,37.66,15.05
Baiyin,90,CN,1561566522,93,36.55,104.13,55.4,4.47
Kolpashevo,100,RU,1561566522,58,58.31,82.9,69.88,12.59
Bay Roberts,20,CA,1561566522,67,47.58,-53.28,62.01,5.82
Kieta,87,PG,1561566522,82,-6.22,155.63,79.78,5.97
Gazli,19,UZ,1561566522,10,40.13,63.45,97.6,12.71
Pangnirtung,20,CA,1561566522,75,66.15,-65.72,42.8,16.11
Mercedes,80,UY,1561566523,38,-33.25,-58.03,57.99,7.0
Riyadh,0,SA,1561566279,5,24.63,46.72,105.8,13.87
Buchanan,75,LR,1561566523,94,5.88,-10.05,77.0,14.32
Elko,1,US,1561566306,30,40.83,-115.76,72.0,4.7
Sekoma,44,BW,1561566524,25,-24.51,23.93,72.22,6.76
Puerto del Rosario,20,ES,1561566469,65,28.5,-13.86,78.8,18.34
Grahamstown,33,ZA,1561566524,92,-33.31,26.53,60.01,1.01
Ngunguru,39,NZ,1561566524,95,-35.62,174.5,45.0,5.01
Bathurst,53,AU,1561566488,92,-33.42,149.58,44.01,4.65
Makakilo City,40,US,1561566276,100,21.35,-158.09,73.99,8.05
Mabaruma,0,GY,1561566524,56,8.2,-59.78,87.34,6.38
Tefe,40,BR,1561566525,74,-3.35,-64.71,84.2,3.36
Touros,75,BR,1561566525,70,-5.2,-35.46,84.2,18.34
Yushu,100,CN,1561566525,61,44.84,126.53,70.78,11.65
Tamandare,0,BR,1561566516,55,-8.28,-70.75,85.72,3.36
Zermatt,20,CH,1561566525,38,46.02,7.75,93.2,12.75
Marivan,0,IR,1561566526,10,35.52,46.18,96.34,4.38
Hualmay,100,PE,1561566268,82,-11.1,-77.61,63.04,10.56
Aswan,0,EG,1561566526,11,24.09,32.9,113.0,6.93
Fukuma,100,JP,1561566526,88,33.77,130.47,75.99,6.93
Saint Pete Beach,75,US,1561566526,50,27.73,-82.74,96.01,8.05
Yen Bai,100,VN,1561566526,79,21.7,104.87,78.7,2.91
Husavik,0,CA,1561566527,40,50.56,-96.99,73.99,5.01
Naftalan,20,AZ,1561566527,26,40.5,46.82,98.6,20.8
Tupancireta,73,BR,1561566527,59,-29.08,-53.84,46.84,8.21
La Libertad,0,PE,1561566527,12,-16.38,-71.56,68.0,6.93
Peniche,20,PT,1561566247,64,39.36,-9.38,75.2,10.29
Te Anau,30,NZ,1561566456,87,-45.41,167.72,42.7,2.86
Jinxiang,90,CN,1561566528,44,35.07,116.31,82.99,1.01
Kemnay,0,GB,1561566528,59,57.23,-2.45,70.0,5.82
Changde,100,CN,1561566528,80,29.04,111.68,75.82,2.13
Dembi Dolo,27,ET,1561566528,96,8.53,34.8,72.94,2.08
Mapiripan,80,CO,1561566411,83,2.89,-72.13,76.9,7.67
Paracuru,20,BR,1561566529,62,-3.41,-39.03,86.0,23.04
Turiacu,28,BR,1561566529,90,-5.01,-63.0,81.4,2.35
Tawau,75,MY,1561566529,94,4.26,117.89,78.8,2.24
Kangaatsiaq,5,GL,1561566529,93,68.31,-53.46,41.26,11.41
Gillette,1,US,1561566378,72,44.29,-105.5,68.0,3.36
Brae,75,GB,1561566386,93,60.4,-1.35,53.6,17.22
Sibolga,13,ID,1561566530,68,1.74,98.78,85.0,5.08
Rocha,14,UY,1561566386,56,-34.48,-54.34,49.9,9.13
Sao Joao da Barra,0,BR,1561566530,45,-21.64,-41.05,87.8,4.7
Venado Tuerto,72,AR,1561566245,36,-33.75,-61.97,57.0,11.01
Am Timan,93,TD,1561566530,50,11.04,20.28,88.24,8.03
Conchagua,0,SV,1561566530,52,13.31,-87.86,87.8,1.97
Antalaha,13,MG,1561566530,91,-14.9,50.28,65.74,4.88
San Patricio,35,PY,1561566458,49,-26.98,-56.83,52.96,7.0
Vanimo,53,PG,1561566531,76,-2.67,141.3,81.4,5.57
Aykhal,75,RU,1561566531,37,65.95,111.51,71.6,6.71
Benxi,0,CN,1561566531,94,41.29,123.76,68.0,2.24
Atambua,3,ID,1561566531,68,-9.11,124.89,75.82,15.03
Biak,94,ID,1561566384,98,-0.91,122.88,65.02,4.29
Parana,75,BR,1561566532,62,-7.52,-72.89,87.8,5.82
Axim,100,GH,1561566532,83,4.87,-2.24,77.98,11.63
Zurrieq,0,MT,1561566532,38,35.83,14.47,87.8,3.36
Codrington,90,AU,1561566379,93,-28.95,153.24,57.2,4.7
Aksarka,53,RU,1561566532,56,66.56,67.8,51.88,9.17
Sambava,0,MG,1561566532,84,-14.27,50.17,70.24,3.18
Hofn,0,IS,1561566533,67,64.25,-15.21,59.0,5.82
Kysyl-Syr,0,RU,1561566533,81,63.9,122.77,58.9,4.38
Santa Isabel,0,BR,1561566534,42,-23.32,-46.23,86.0,19.46
Raja Sansi,20,IN,1561566374,52,31.72,74.8,93.2,5.82
Pandan,100,PH,1561566534,75,11.72,122.09,83.74,13.31
Fare,1,PF,1561566534,78,-16.7,-151.02,79.6,8.21
Gashua,90,NG,1561566534,23,12.87,11.04,100.84,3.6
Batsfjord,75,NO,1561566535,71,70.63,29.72,57.2,16.11
Wuwei,100,CN,1561566535,82,37.93,102.64,56.38,2.48
Araouane,0,ML,1561566535,4,18.9,-3.53,114.16,9.64
Seoul,90,KR,1561566535,94,37.57,126.98,73.4,1.12
Vila,0,IT,1561566535,46,45.18,8.4,96.01,8.05
Durban,0,CA,1561566536,78,51.93,-101.44,61.78,6.02
Teahupoo,40,PF,1561566536,78,-17.83,-149.27,77.0,8.05
Aracati,10,BR,1561566536,48,-4.56,-37.77,88.06,7.67
Kiruna,75,SE,1561566536,44,67.86,20.23,57.2,6.93
Xining,100,CN,1561566536,97,36.62,101.77,46.3,3.2
Ust-Nera,61,RU,1561566389,59,64.57,143.24,53.32,1.5
Yenagoa,100,NG,1561566537,94,4.92,6.26,74.02,5.46
Sorland,100,NO,1561566537,93,67.67,12.69,50.0,19.46
Kouango,5,CF,1561566537,77,4.99,19.98,81.22,3.24
Altay,18,CN,1561566391,57,47.83,88.13,49.54,7.76
Lamar,1,US,1561566537,50,38.09,-102.62,80.01,12.64
Rio Grande,0,BR,1561566331,48,-32.03,-52.1,57.2,11.41
Smidovich,100,RU,1561566480,93,48.6,133.81,54.22,10.67
Inta,93,RU,1561566538,58,66.04,60.13,55.12,7.18
Salina Cruz,71,MX,1561566538,55,16.18,-95.2,86.8,4.85
Voh,98,NC,1561566538,83,-20.95,164.69,71.86,9.48
Hailar,100,CN,1561566538,92,49.2,119.7,59.8,12.48
Goba,0,ET,1561566538,61,7.01,39.97,59.8,6.26
Dunkirk,73,FR,1561566459,82,51.03,2.38,78.01,19.46
Velsk,54,RU,1561566539,53,61.07,42.1,58.0,4.21
Vestmannaeyjar,90,IS,1561566539,100,63.44,-20.27,51.8,17.22
Tinqueux,0,FR,1561566539,38,49.25,3.99,96.01,9.17
Calvinia,0,ZA,1561566539,48,-31.47,19.78,56.38,8.12
Zyryanka,100,RU,1561566540,33,65.73,150.89,63.04,8.93
Do Gonbadan,0,IR,1561566540,9,30.36,50.8,100.4,5.23
Rasht,20,IR,1561566540,62,37.28,49.58,84.2,9.48
Zhanaozen,0,KZ,1561566540,26,43.35,52.85,91.84,17.31
Mwinilunga,0,ZM,1561566540,24,-11.73,24.43,75.82,5.44
Saint Anthony,1,US,1561566421,49,43.97,-111.68,70.0,4.7
Nairobi,75,KE,1561566291,60,-1.28,36.82,71.6,4.7
Huesca,0,ES,1561566298,21,42.14,-0.41,95.0,21.92
Port Hardy,75,CA,1561566376,93,50.7,-127.42,51.8,3.36
Mount Isa,41,AU,1561566528,45,-20.73,139.49,44.6,11.54
Sabla,19,NG,1561566541,29,12.75,4.71,98.14,7.47
Flinders,90,AU,1561566541,100,-34.58,150.85,55.0,4.7
Magdalena,75,PH,1561566525,78,14.2,121.43,82.4,4.7
Trelew,2,AR,1561566541,46,-43.25,-65.31,50.08,29.73
Bayji,0,IQ,1561566541,5,34.93,43.49,113.26,16.33
Ridgecrest,1,US,1561566542,18,35.62,-117.67,82.4,4.97
Santa Marta,20,CO,1561566344,70,11.24,-74.21,87.8,6.93
Sawakin,0,SD,1561566542,24,19.1,37.33,95.98,9.46
Blairmore,40,CA,1561566542,58,49.61,-114.44,55.99,4.7
Isangel,20,VU,1561566542,94,-19.55,169.27,71.6,15.97
Lethem,3,GY,1561566543,58,3.38,-59.8,86.8,15.35
Miranda,57,BR,1561566543,65,-20.24,-56.38,68.8,4.85
Tiznit,0,MA,1561566543,91,29.7,-9.73,68.8,16.24
Savonlinna,90,FI,1561566543,77,61.87,28.88,62.01,2.24
Calama,0,CL,1561566487,15,-22.46,-68.93,64.4,8.05
Buba,54,GW,1561566544,41,11.59,-14.99,94.9,11.39
Okhotsk,84,RU,1561566468,75,59.36,143.24,52.06,7.27
Qasigiannguit,75,GL,1561566544,87,68.82,-51.19,44.6,8.05
Chimore,100,BO,1561566544,89,-16.98,-65.13,56.92,2.28
Garissa,91,KE,1561566544,42,-0.46,39.64,86.26,19.44
Kulhudhuffushi,100,MV,1561566544,77,6.62,73.07,83.92,10.11
Ormara,1,PK,1561566545,81,25.21,64.64,83.74,13.13
Chongwe,20,ZM,1561566545,42,-15.33,28.68,66.2,6.93
Ambon,0,FR,1561566545,55,47.55,-2.56,91.4,11.41
Lumphat,96,KH,1561566545,92,13.5,106.97,77.44,9.51
Semey,4,KZ,1561566545,37,50.41,80.25,75.1,12.84
Mirabad,0,IR,1561566545,9,28.27,61.33,80.32,10.71
Santa Maria,0,BR,1561566546,28,-16.02,-48.01,82.4,6.93
Sayhat,0,SA,1561566547,11,26.49,50.04,104.0,3.36
Zelenogorskiy,0,RU,1561566547,72,55.03,87.0,64.4,4.47
Semnan,40,IR,1561566547,24,35.58,53.39,93.2,13.87
Mahajanga,20,MG,1561566350,83,-15.72,46.32,77.0,6.93
Uruacu,0,BR,1561566547,33,-14.52,-49.14,86.98,4.16
Lompoc,90,US,1561566531,77,34.64,-120.46,63.0,5.82
Sabang,98,PH,1561566548,91,13.8,121.11,75.1,1.03
Dingzhou,0,CN,1561566548,51,38.51,115.0,80.6,4.47
Balkanabat,0,TM,1561566548,11,39.51,54.36,103.18,14.09
San Alejo,0,SV,1561566548,52,13.43,-87.96,87.8,1.97
Kapit,52,MY,1561566548,98,2.02,112.94,75.1,0.45
Birao,100,CF,1561566433,79,10.3,22.78,74.38,7.47
